{"paths":{},"types":[],"uuids":["1f9VodY4NIN4Lep6DMvtR+","2bqS9cIy1Dx4rUXGODnkVj","48O9ydpdVI5at7nlWoVX1E","56ocRPtlBAcJXRAzF8Wf9+","b1zMLNnKRPGZ0HhoBreCqx","c0co94E95C/6yDkKIEIAQZ","f9Xvv31mZJiYXfrzL6Qkwd","a1HHaUhpxCupDnaz3Wm6bI","a7hq3/51hG4bqvI+gTsTVr","b2yCn9Qc1LIImmzSMP4s/O","e53ZtWA9dC8K2HzlRXiqPf","ecpdLyjvZBwrvm+cedCcQy","faezXpEpNOpby69tJKdmcH"],"scenes":{"db://assets/Loading/Scene/Loading.fire":1},"redirect":[11,0],"deps":["internal"],"packs":{},"name":"main","importBase":"import","nativeBase":"native","debug":false,"isZip":false,"encrypted":false,"versions":{"import":[0,"7871f",1,"b36b4",2,"7871f",3,"4e5ee",7,"5ea77",8,"a1988",4,"e6f71",9,"cf744",5,"7871f",10,"f5bbd",6,"4b3a3",12,"7b662"],"native":[0,"e9bd9",2,"73376",3,"36646",4,"a48e2",5,"b394d",6,"e73b3"]}}